header_name,price,price_m2
Gdynia Chylonia - 2 duże pokoje 44 m/ umeblowane,449 000 zł,10 205 zł/m²
Nowoczesne 3-pokojowe mieszkanie przy lesie Gdynia,555 000 zł,11 987 zł/m²
"Kawalerka po remoncie, Gdynia Grabówek",325 000 zł,17 352 zł/m²
Słoneczna I Przestronna Kawalerka / Blisko Centrum,420 000 zł,15 487 zł/m²
"OKAZJA! 3 pokoje, 62,9 m2, stan idealny!",559 000 zł,8887 zł/m²
Gdynia Karwiny-3-pok ul.Buraczana,599 000 zł,9488 zł/m²
3 pokoje + Ogródek + Garaż_Dni Otwarte,525 795 zł,10 200 zł/m²
2 pokoje + Hala Garażowa_Dni Otwarte_bez pcc,427 966 zł,10 622 zł/m²
przestronne 3-pokojowe mieszkanie z balkonem!,445 000 zł,8396 zł/m²
"ul. Gniewska, Chylonia po remoncie",394 000 zł,10 649 zł/m²
Mieszkanie Gdynia Leszczynki (3 Min Od Skm!),389 000 zł,10 421 zł/m²
STO10 Chylońska | mieszkanie 2-pok. | C2/4/10,526 240 zł,13 000 zł/m²
[Karwiny] Prezentacja Tylko 15 Marca!,487 784 zł,7743 zł/m²
"Duży Balkon, Dwustronne Mieszkanie, Osoba Kuchnia",449 000 zł,9201 zł/m²
Dwa pokoje po kapitalnym remoncie! - WITOMINO,459 995 zł,10 875 zł/m²
Bezpośrednio/ Fikakowo / Budynek z 2000 r.,422 000 zł,13 188 zł/m²
Kawalerka z ogródkiem i miejscem parkingowym,485 000 zł,15 156 zł/m²
2 pokoje | Świetny układ | Sopot | Spółdz.-włas.,539 000 zł,13 146 zł/m²
Mieszkanie otoczone lasem. 3 pok. Generalny remont,549 000 zł,11 935 zł/m²
2 pokoje_Idealne dla singa_obok Las,371 453 zł,11 280 zł/m²
Najtansze kawalerki + Miejsce Postojowe_bez Pcc,315 172 zł,11 321 zł/m²
3 pokoje + Hala garażowa _ Umów się dni Otwarte,510 056 zł,10 298 zł/m²
Najtańsza Kawalerka W Gdyni Z Ogrodem,318 000 zł,11 317 zł/m²
"Pospiesz Się_Ceny Promocyjne, Spokojna Okolica",417 000 zł,10 874 zł/m²
3/4pokoje z narożnym Ogrodem +Hala 18min do plaży,557 215 zł,9862 zł/m²
2pokoje z super rabatem poniżej 400tys + parking,382 750 zł,11 324 zł/m²
Kawalerka pod Inwestycję/dla pary 18min od plaży,314 999 zł,11 250 zł/m²
Kawalerka pod WYNAJEM + Parking _ 17min CENTRUM,318 200 zł,11 364 zł/m²
Słoneczne 2 pokoje + Miejsce Parkingowe + ZOBACZ !,404 000 zł,11 222 zł/m²
2 pokoje Nowe budownictwo Winda Chwarzno Wiczlino,495 000 zł,12 897 zł/m²
Ustawne 2 pokoje + Ogródek + Miejsce Postojowe,405 357 zł,11 226 zł/m²
Mieszkanie o ciekawym rozkładzie,499 000 zł,7921 zł/m²
2pok. Mieszkanie Gdynia W. Kack ul.Nowodworcowa,579 000 zł,12 867 zł/m²
Kawalerka w centrum Witomina,390 000 zł,11 538 zł/m²
Widok Na Las! Po Remoncie! Do Wprowadzenia!,499 000 zł,10 794 zł/m²
2pokoje z rabatem na Dni Otwarte 18min od plaży,428 000 zł,10 555 zł/m²
Kawalerka z Ogrodem 18min od plaży +Parking,315 680 zł,11 274 zł/m²
Kawalerka pod WYNAJEM + Parking _ 17min CENTRUM,318 200 zł,11 364 zł/m²
Najtańsze 2 pokoje + 17min Plaża _ Dni OTWARTE !,427 000 zł,10 415 zł/m²
,,
